latitude;longitude;start_time(YYYYMMddHHmmZ);duration(ms)
51.057022;3.714476;201312250036+0100;19593588
51.056984;3.7146811;201312250608+0100;30460679
51.038406;3.7296553;201312251451+0100;964169
50.88019;4.2511473;201312251514+0100;262475
50.861668;4.4750204;201312251524+0100;64461
50.87923;4.666252;201312251531+0100;68925
50.997192;4.8022957;201312251541+0100;11998026
50.997192;4.802296;201312251907+0100;18114776
50.997192;4.8022995;201312260015+0100;35447860
51.166862;4.7824388;201312261036+0100;63484
51.21133;4.5377035;201312261047+0100;6322
51.21429;4.4115834;201312261103+0100;2856228
51.214115;4.4006863;201312261202+0100;1667
51.213394;4.3912487;201312261211+0100;9620031
51.21766;4.401727;201312261505+0100;924
51.21689;4.40553;201312261511+0100;64197
51.21806;4.409724;201312261521+0100;341565
51.217335;4.4107428;201312261536+0100;449300
51.21429;4.411606;201312261550+0100;53163669
51.214302;4.4115744;201312270640+0100;9994717
51.216366;4.394152;201312270938+0100;20410836
51.216503;4.407605;201312271524+0100;317335
51.21751;4.411146;201312271534+0100;836959
51.214275;4.411574;201312271556+0100;83181857
51.21634;4.3941116;201312281514+0100;4622480
51.21431;4.4115887;201312281642+0100;3843761
51.217503;4.410906;201312281753+0100;2334660
51.214306;4.411568;201312281840+0100;54034894
51.213715;4.4045568;201312290948+0100;949587
51.214333;4.411615;201312291012+0100;62957540
51.214306;4.4115763;201312300345+0100;15675335
51.215893;4.4104404;201312300814+0100;249
51.21489;4.409567;201312300820+0100;2392465
51.213203;4.4091425;201312300907+0100;273240
51.21634;4.394154;201312300931+0100;14821063
51.214302;4.4115853;201312301356+0100;13543637
51.218884;4.4013433;201312301755+0100;426244
51.21429;4.411533;201312301817+0100;5168068
51.213646;4.412261;201312301948+0100;91452
51.214302;4.4115567;201312301955+0100;60938428
51.21632;4.394154;201312311302+0100;9122765
51.21649;4.4076986;201312311541+0100;640223
51.21566;4.407403;201312311558+0100;252191
51.214993;4.4051313;201312311607+0100;282078
51.214252;4.411548;201312311623+0100;7186366
51.205067;4.3903217;201312311831+0100;186018
51.098305;4.0395756;201312311841+0100;1343
51.17106;4.2577357;201312311848+0100;76413
51.04727;3.7131307;201312311908+0100;550301
51.047256;3.7130556;201312311921+0100;442288
51.047264;3.7130578;201312311936+0100;19055447
51.041393;3.7296295;201401010105+0100;7992054
51.046696;3.7144072;201401010326+0100;77722
51.057014;3.7145746;201401010336+0100;39485519
51.055317;3.7139964;201401011439+0100;6687803
51.057064;3.7144513;201401011637+0100;1066697
51.060875;3.7129426;201401011712+0100;185490
51.119564;3.727765;201401011721+0100;10265372
51.119576;3.7280097;201401012019+0100;2092985
51.057068;3.7144496;201401012115+0100;122115
51.038322;3.7657497;201401012133+0100;257284
51.055214;3.8305368;201401012142+0100;163281
51.13137;4.1029806;201401012149+0100;11814
51.18984;4.3057685;201401012156+0100;125955
51.216244;4.4140806;201401012209+0100;273
51.214226;4.411577;201401012215+0100;32313537
51.214252;4.4115653;201401020726+0100;18745907
51.218807;4.4029417;201401021249+0100;1499960
51.21566;4.4074607;201401021325+0100;83155
51.214256;4.411534;201401021336+0100;8650105
51.21149;4.4080024;201401021611+0100;1150
51.20669;4.395427;201401021618+0100;63297
51.211205;4.489805;201401021624+0100;783091
50.99719;4.802332;201401021706+0100;15971800
51.143253;4.860113;201401022157+0100;264057
51.207237;4.550705;201401022210+0100;5354
51.214268;4.4115515;201401022226+0100;34266993
51.21647;4.4075985;201401030805+0100;1903296
51.217636;4.4086914;201401030843+0100;312955
51.21431;4.4115295;201401030859+0100;16137526
51.216316;4.3941255;201401031339+0100;9130580
51.214245;4.4115763;201401031620+0100;5604971
51.217594;4.411271;201401031800+0100;246233
51.214256;4.411563;201401031813+0100;59819741
51.216343;4.3941545;201401041109+0100;10075281
51.218884;4.397461;201401041402+0100;238
51.216343;4.3941574;201401041408+0100;12345634
51.216503;4.4076133;201401041746+0100;742923
51.21472;4.4105563;201401041803+0100;61006
51.214283;4.4115343;201401041810+0100;43654348
51.214245;4.411553;201401050620+0100;7880436
51.21389;4.407093;201401050836+0100;269
51.2139;4.404092;201401050842+0100;88860
51.214897;4.4098487;201401050849+0100;138718
51.214256;4.4115243;201401050856+0100;2143560
51.214977;4.409692;201401050936+0100;180965
51.21425;4.411563;201401050946+0100;14045639
51.21426;4.4115624;201401051345+0100;65108780
51.21627;4.4010706;201401060756+0100;265
51.216293;4.3940563;201401060802+0100;35348180
51.21342;4.4109335;201401061759+0100;2747
51.208035;4.3995667;201401061805+0100;1161
51.199406;4.3899364;201401061811+0100;31320
51.19398;4.4054327;201401061817+0100;30630
51.193466;4.410496;201401061824+0100;7078075
51.19256;4.4112926;201401062030+0100;681090
51.199127;4.411129;201401062048+0100;810
51.209545;4.4078803;201401062055+0100;1199
51.21427;4.4116273;201401062101+0100;39481795
51.206738;4.395288;201401070803+0100;55040
51.20563;4.392132;201401070810+0100;61580
51.19553;4.394721;201401070817+0100;319075
51.01284;4.4511724;201401070826+0100;196461
50.911957;4.462239;201401070836+0100;490619
50.911957;4.462239;201401070849+0100;182075
50.88541;4.306107;201401070858+0100;490675
50.887356;4.305917;201401070911+0100;2699128
50.887306;4.305474;201401071026+0100;3111127
50.911404;4.3393416;201401071130+0100;63484
50.908875;4.4468193;201401071136+0100;140240
51.13914;4.4295464;201401071147+0100;136990
51.21513;4.412585;201401071200+0100;235
51.21668;4.401192;201401071213+0100;1259
51.21981;4.4010196;201401071219+0100;1635838
51.21613;4.3944697;201401071256+0100;17052404
51.21622;4.4006915;201401071745+0100;994
51.21598;4.408286;201401071754+0100;5059089
51.214268;4.4116273;201401071927+0100;47000226
51.20666;4.3913555;201401080843+0100;9632711
51.208355;4.393095;201401081128+0100;1777504
51.20586;4.3983274;201401081206+0100;65369
51.205196;4.398645;201401081213+0100;3179915
51.21632;4.3941126;201401081320+0100;17946776
51.214264;4.4115963;201401081830+0100;949538
51.217556;4.4108367;201401081852+0100;135981
51.214256;4.411601;201401081903+0100;48499639
51.216312;4.3941636;201401090845+0100;38883293
51.20939;4.4024143;201401091937+0100;110981
51.203167;4.428129;201401091953+0100;10721286
51.214268;4.411592;201401092304+0100;32847383
51.21631;4.3940496;201401100821+0100;16696327
51.193512;4.410574;201401101322+0100;2900618
51.193527;4.4105144;201401101416+0100;9913465
51.213375;4.4107423;201401101718+0100;962
51.214268;4.4116096;201401101724+0100;3755218
51.206665;4.391356;201401101841+0100;11167726
51.21426;4.411516;201401102159+0100;32837451
51.21426;4.4116135;201401110710+0100;14504744
51.217598;4.4111724;201401111118+0100;1184409
51.216854;4.410833;201401111144+0100;119044
51.214302;4.4115267;201401111155+0100;7716381
51.213627;4.41104;201401111409+0100;1479393
51.213295;4.4091907;201401111439+0100;1051297
51.214268;4.4116044;201401111503+0100;15272498
51.21427;4.4116316;201401111921+0100;45246570
51.21426;4.411604;201401120759+0100;8032900
51.21381;4.4043183;201401121019+0100;1269642
51.214268;4.4115953;201401121050+0100;18921702
51.214252;4.4115677;201401121616+0100;7393535
51.244602;4.418736;201401121835+0100;2470
51.245247;4.415875;201401121842+0100;994891
51.24589;4.417088;201401121905+0100;557667
51.24581;4.416615;201401121920+0100;187025
51.246307;4.417327;201401121929+0100;5385026
51.24581;4.4171715;201401122104+0100;5464298
51.21426;4.4115944;201401122252+0100;10403748
51.214245;4.411587;201401130152+0100;5997578
51.214245;4.4116025;201401130335+0100;19282222
51.207916;4.402948;201401130907+0100;94723
51.125263;4.4296446;201401130923+0100;67212
51.0352;4.4437027;201401130930+0100;62502
51.01285;4.4511013;201401130936+0100;8374
50.868217;4.4530015;201401130946+0100;154929
50.891277;4.4506893;201401131000+0100;7984169
50.88208;4.448717;201401131223+0100;399330
51.041637;4.4542537;201401131236+0100;67448
51.21634;4.394065;201401131249+0100;24933381
51.21427;4.411598;201401131955+0100;43630481
51.21632;4.3941574;201401140815+0100;32304020
51.214237;4.4116335;201401141720+0100;625339
51.19335;4.3991604;201401141740+0100;377433
51.211174;4.4790525;201401141751+0100;675342
51.08473;4.8591003;201401141811+0100;155991
50.9971;4.802326;201401141828+0100;140413
50.997208;4.802322;201401141834+0100;11449669
51.140453;4.8614025;201401142212+0100;214704
51.20001;4.595795;201401142222+0100;2449
51.21422;4.4115844;201401142237+0100;33953174
51.216404;4.396989;201401150813+0100;63228
51.21632;4.3941555;201401150819+0100;29968538
51.21426;4.411585;201401151659+0100;8691115
51.21426;4.4115996;201401151929+0100;29835415
51.21425;4.4116106;201401160350+0100;20873022
51.193367;4.41042;201401160955+0100;3358247
51.213673;4.4051414;201401161104+0100;99711
51.21631;4.3940935;201401161114+0100;7559932
51.212738;4.392744;201401161325+0100;369387
51.21632;4.394155;201401161338+0100;4634058
51.214264;4.411612;201401161503+0100;665387
51.20498;4.3904986;201401161534+0100;666755
51.10156;4.042546;201401161554+0100;271163
51.036148;3.7359264;201401161604+0100;346
51.036304;3.7347112;201401161611+0100;19444195
51.214256;4.4116044;201401162154+0100;38643284
51.21632;4.3941555;201401170851+0100;14140863
51.20496;4.390575;201401171302+0100;538566
51.131355;4.103017;201401171323+0100;270507
51.05126;3.7190607;201401171349+0100;6144187
51.052483;3.7187438;201401171541+0100;319484
51.05281;3.8350694;201401171710+0100;22600
51.07502;3.9873729;201401171716+0100;23964
51.131607;4.1145587;201401171722+0100;23842
51.20722;4.3332763;201401171744+0100;244097
51.21933;4.401292;201401171956+0100;10170970
51.21424;4.411637;201401172249+0100;29605285
51.213146;4.4091487;201401180708+0100;311137
51.21425;4.4116073;201401180719+0100;52223823
51.20442;4.3888993;201401182158+0100;275003
51.10157;4.0425534;201401182208+0100;103106
51.06634;3.880816;201401182215+0100;5200
51.05715;3.7143528;201401182231+0100;237304
51.050644;3.7465987;201401182250+0100;246
51.051266;3.7477107;201401182257+0100;5835406
51.056988;3.7146137;201401190053+0100;2722044
51.057003;3.7146218;201401190144+0100;45664590
51.08227;4.0088897;201401191447+0100;102604
51.14334;4.1827917;201401191457+0100;65020
51.21417;4.411523;201401191517+0100;7455618
51.213146;4.4091773;201401191726+0100;227579
51.214252;4.411587;201401191737+0100;3387729
51.21768;4.408939;201401191842+0100;8851997
51.21501;4.4097414;201401192115+0100;180095
51.21425;4.4116316;201401192125+0100;35857419
51.216297;4.3941026;201401200732+0100;19641863
51.21283;4.3928213;201401201308+0100;63472
51.216278;4.3942356;201401201316+0100;13982748
51.21642;4.399754;201401201713+0100;83088
51.217506;4.4111123;201401201719+0100;606930
51.214256;4.4116044;201401201736+0100;51266039
51.19482;4.4179826;201401210812+0100;1041943
51.21044;4.4078217;201401210840+0100;59515
51.216305;4.394112;201401210856+0100;30306794
51.214252;4.4115915;201401211738+0100;12750781
51.21084;4.407013;201401212115+0100;238
51.213688;4.411061;201401212121+0100;79430
51.21426;4.4116173;201401212127+0100;38376618
51.21631;4.3941245;201401220817+0100;8703491
51.21357;4.393092;201401221046+0100;1244
51.21632;4.3941555;201401221100+0100;15426177
51.21425;4.4115734;201401221526+0100;23184010
51.213257;4.4051933;201401222203+0100;10157013
51.214237;4.4115844;201401230101+0100;22782122
51.213116;4.4092417;201401230725+0100;163067
51.214252;4.4115305;201401230732+0100;2282269
51.216293;4.394188;201401230822+0100;2927818
51.214275;4.4115763;201401230920+0100;1053748
51.21632;4.394155;201401230947+0100;30361687
51.214222;4.4115844;201401231822+0100;51321574
51.216312;4.3942127;201401240847+0100;34608847
51.214237;4.4115295;201401241833+0100;67538447
51.214264;4.4116073;201401251405+0100;15741025
51.216354;4.4072704;201401251833+0100;175137
51.214256;4.4115953;201401251848+0100;20675259
51.214256;4.4116707;201401260100+0100;39477333
51.214245;4.41158;201401261221+0100;69289220
51.216373;4.39417;201401270747+0100;12503562
51.212452;4.392544;201401271119+0100;423899
51.216328;4.3941903;201401271135+0100;19501265
51.214252;4.411451;201401271709+0100;401290
51.217274;4.410615;201401271721+0100;440617
51.214264;4.4116054;201401271735+0100;48812409
51.216274;4.3940477;201401280720+0100;36941619
51.214005;4.3987737;201401281745+0100;60176
51.214264;4.411625;201401281751+0100;4944373
51.214233;4.411606;201401281929+0100;9585262
51.21421;4.4114795;201401282226+0100;39673997
51.21632;4.394156;201401290936+0100;4859233
51.212673;4.3927093;201401291103+0100;360543
51.21632;4.3941555;201401291118+0100;21174082
51.21655;4.407615;201401291720+0100;258296
51.21752;4.411229;201401291732+0100;584104
51.214314;4.4115567;201401291750+0100;51365330
51.21632;4.3940663;201401300816+0100;35822844
51.216465;4.407458;201401301820+0100;339310
51.216705;4.407308;201401301832+0100;2065338
51.216015;4.4083133;201401301913+0100;4061991
51.213417;4.4108863;201401302025+0100;73979
51.21429;4.41157;201401302031+0100;41988411
51.216324;4.394122;201401311945+0100;1121288
51.219833;4.4147067;201401312015+0100;61028
51.214264;4.411591;201401312021+0100;49667599
51.214275;4.411566;201402011209+0100;21459663
51.21291;4.4089613;201402011813+0100;340116
51.214287;4.411578;201402011822+0100;1396226
51.214245;4.4115906;201402011852+0100;8310740
51.212948;4.4052463;201402012118+0100;268090
51.21342;4.4049335;201402012128+0100;63782
51.21323;4.405057;201402012135+0100;1612474
51.21536;4.402253;201402012207+0100;4688687
51.21059;4.39784;201402012335+0100;1500314
51.213287;4.3941884;201402020011+0100;2974322
51.214256;4.411582;201402020117+0100;607719
51.213142;4.4053507;201402020137+0100;5147037
51.214146;4.4100513;201402020308+0100;2333260
51.214268;4.4115934;201402020354+0100;26365927
51.206646;4.3914275;201402021125+0100;245527
51.20504;4.3908324;201402021134+0100;389954
51.017227;4.45117;201402021148+0100;124482
50.812744;4.379884;201402021211+0100;582262
50.812775;4.380983;201402021225+0100;581908
50.812916;4.381595;201402021241+0100;301250
50.812767;4.37999;201402021250+0100;549249
50.812992;4.3817124;201402021304+0100;422297
50.811398;4.3834558;201402021317+0100;6381953
50.81142;4.3834643;201402021509+0100;827990
50.81277;4.380989;201402021529+0100;155969
50.86111;4.436819;201402021552+0100;129605
50.91473;4.462785;201402021559+0100;63362
51.103256;4.434689;201402021608+0100;261605
51.20678;4.3913436;201402021622+0100;121604
51.21424;4.411622;201402021636+0100;55454478
51.215782;4.3992743;201402030811+0100;60674
51.216297;4.3941026;201402030822+0100;10091774
51.213875;4.3933086;201402031115+0100;60394
51.21632;4.3941555;201402031634+0100;10498596
51.214252;4.4116297;201402031948+0100;42896697
51.216328;4.39411;201402041459+0100;10510993
51.21426;4.4116206;201402041813+0100;49110449
51.216537;4.407556;201402051741+0100;877
51.1931;4.400447;201402051808+0100;2298246
51.207222;4.5510464;201402051851+0100;467667
51.05574;4.878962;201402051919+0100;278651
50.99719;4.802361;201402052016+0100;7353569
51.14818;4.8577724;201402052236+0100;288931
51.21115;4.490869;201402052251+0100;172068
51.21421;4.411591;201402052301+0100;150416
51.214245;4.411545;201402052308+0100;22022396
51.214264;4.411595;201402060524+0100;25859587
51.21425;4.411607;201402061244+0100;2379400
51.215412;4.409099;201402061327+0100;804
51.21508;4.4022727;201402061337+0100;3791605
51.21838;4.405287;201402061454+0100;60256
51.218548;4.4084916;201402061501+0100;60994
51.21809;4.4097896;201402061508+0100;2886687
51.218136;4.410968;201402061602+0100;949712
51.216957;4.4108124;201402061622+0100;238406
51.21427;4.4115505;201402061636+0100;55345336
51.21632;4.394156;201402070808+0100;38999393
51.214256;4.411599;201402071906+0100;68263
51.215794;4.4024296;201402071916+0100;6813982
51.220592;4.401008;201402072124+0100;4380625
51.220608;4.402775;201402072241+0100;3160507
51.21423;4.4115696;201402072351+0100;66187557
51.135715;4.144014;201402081830+0100;5546
51.060772;3.861407;201402081839+0100;108340
50.982086;3.6421647;201402081849+0100;168183
50.984203;3.5272546;201402081908+0100;928055
50.984207;3.5272548;201402081931+0100;221949
50.984203;3.5272539;201402081941+0100;123434
50.984203;3.5272539;201402081947+0100;60070
50.984203;3.5272539;201402081953+0100;188812
50.984203;3.5272534;201402082003+0100;1091656
50.984203;3.5272534;201402082028+0100;5823306
50.982094;3.526871;201402082211+0100;5611
50.97974;3.6411767;201402082220+0100;23808
51.043396;3.7251084;201402082236+0100;6947430
51.041492;3.729714;201402090040+0100;3337096
51.056995;3.7146337;201402090204+0100;41255828
51.144245;3.6016066;201402091350+0100;83740
51.2105;3.4914703;201402091411+0100;6255
51.258762;3.3834124;201402091417+0100;130925
51.341457;3.2899542;201402091427+0100;65277
51.34944;3.2886992;201402091519+0100;1164
51.35189;3.2891376;201402091525+0100;123489
51.352974;3.291139;201402091532+0100;76914
51.35344;3.2946475;201402091539+0100;1125
51.35431;3.2988238;201402091545+0100;247491
51.3559;3.3033361;201402091559+0100;1351078
51.355083;3.302209;201402091628+0100;264213
51.35582;3.3055134;201402091639+0100;483
51.35278;3.2895644;201402091658+0100;60095
51.351246;3.2887743;201402091705+0100;339
51.347065;3.2885513;201402091711+0100;120829
51.344173;3.2878857;201402091717+0100;537338
51.340847;3.2888596;201402091731+0100;221
51.316593;3.3058746;201402091746+0100;121284
51.31665;3.3059442;201402091752+0100;141203
51.31665;3.3059447;201402091800+0100;182822
51.33475;3.2905555;201402091809+0100;244
51.33475;3.2905555;201402091816+0100;190
51.33475;3.2905555;201402091826+0100;558411
51.21016;3.5278482;201402091839+0100;1544751
51.21571;4.414096;201402091917+0100;1192
51.214252;4.4116025;201402091924+0100;45810214
51.216366;4.3943706;201402100820+0100;4281332
51.21466;4.3921814;201402100937+0100;90479
51.229774;4.401806;201402100947+0100;5684955
51.22969;4.4043894;201402101131+0100;3779968
51.214733;4.3920097;201402101242+0100;470
51.216297;4.3941026;201402101249+0100;18191469
51.21426;4.411593;201402101801+0100;49642427
51.19276;4.4107666;201402110807+0100;506819
51.192932;4.4105897;201402110820+0100;1074135
51.216312;4.3941;201402110854+0100;7813510
51.2128;4.392599;201402111111+0100;301207
51.21426;4.411623;201402131507+0100;3807665
51.21808;4.4096603;201402131618+0100;65265
51.21812;4.411147;201402131625+0100;168
51.214264;4.411619;201402131635+0100;58294223
51.216297;4.3941026;201402140858+0100;29116149
51.21765;4.411343;201402141714+0100;399464
51.216896;4.410937;201402141725+0100;209696
51.214264;4.411637;201402141736+0100;12661426
51.21564;4.405074;201402142118+0100;17181949
51.215782;4.4076805;201402150209+0100;145175
51.214268;4.411629;201402150219+0100;2338514
51.214245;4.411593;201402150307+0100;52489978
51.211597;4.4019003;201402151750+0100;1132821
51.21425;4.4116297;201402151815+0100;1832286
51.213146;4.408834;201402151850+0100;80958
51.214256;4.4115944;201402151856+0100;54403542
51.21377;4.4042444;201402161012+0100;121179
51.21491;4.4099264;201402161022+0100;434453
51.214264;4.411602;201402161035+0100;14370539
51.21166;4.413513;201402161442+0100;19463
51.21124;4.412204;201402161452+0100;16224
51.21425;4.4116344;201402161511+0100;3430401
51.20461;4.5641227;201402161631+0100;59246
51.061043;4.979588;201402161702+0100;204
51.04982;4.9479623;201402161710+0100;1819349
51.04982;4.9479628;201402161744+0100;139
51.016243;4.946042;201402161756+0100;213
51.04982;4.947963;201402161803+0100;8012759
51.04982;4.947963;201402162024+0100;123379
51.143227;4.9483285;201402162047+0100;604081
51.20533;4.5624633;201402162118+0100;40175
51.214237;4.4116316;201402162144+0100;37463743
51.21883;4.4044056;201402170814+0100;3267357
51.218464;4.4045153;201402170913+0100;543966
51.21846;4.404464;201402170926+0100;32645701
51.214245;4.4115868;201402171845+0100;15629633
51.214264;4.411642;201402172316+0100;33103174
51.207115;4.3869767;201402180840+0100;1664118
51.218456;4.4046087;201402180920+0100;32468122
51.21655;4.4075785;201402181827+0100;1456
51.217407;4.410841;201402181834+0100;238823
51.21426;4.4116073;201402181846+0100;48578796
51.218834;4.404321;201402190825+0100;4657295
51.21862;4.4041543;201402190948+0100;16278098
51.215992;4.4082384;201402191806+0100;4705858
51.214264;4.4116116;201402191933+0100;46698330
51.218853;4.4042583;201402200841+0100;638056
51.21848;4.4046035;201402200858+0100;31266047
51.2165;4.407509;201402201752+0100;58100
51.21759;4.4108686;201402201759+0100;1372580
51.21425;4.411565;201402201829+0100;50113363
51.218933;4.40435;201402210829+0100;6507020
51.218456;4.4045925;201402211024+0100;6030170
51.218678;4.4024086;201402211208+0100;131333
51.218597;4.4041767;201402211214+0100;20258984
51.21749;4.4108224;201402211759+0100;249753
51.2143;4.4115925;201402211808+0100;55707283
51.1847;4.4361296;201402220958+0100;12417581
51.183483;4.4367824;201402221329+0100;55882
51.182224;4.437284;201402221336+0100;180459
51.180412;4.4334393;201402221348+0100;1521391
51.190666;4.4241853;201402221419+0100;20947
51.20152;4.41311;201402221425+0100;155697
51.207436;4.4201097;201402221432+0100;543186
51.219746;4.373472;201402221446+0100;2682
51.21765;4.3697495;201402221453+0100;9327332
51.22007;4.3798494;201402221737+0100;240416
51.21562;4.398909;201402221747+0100;635
51.207214;4.388298;201402221806+0100;9894120
51.21008;4.389115;201402222056+0100;2654
51.21266;4.3925714;201402222102+0100;2420323
51.218937;4.39741;201402222155+0100;185532
51.22018;4.3985662;201402222202+0100;2537943
51.22124;4.3996835;201402222252+0100;2223375
51.221195;4.4004364;201402222336+0100;713031
51.2212;4.400435;201402222354+0100;181073
51.221195;4.400434;201402230003+0100;2560417
51.220963;4.400912;201402230053+0100;1112787
51.221184;4.400416;201402230116+0100;359029
51.22101;4.4007688;201402230130+0100;4407157
51.221703;4.4005775;201402230249+0100;75551144
51.058437;3.8553896;201402232355+0100;136311
51.19111;4.4234476;201402240102+0100;222504
51.21424;4.4115553;201402240137+0100;18619132
51.194817;4.4179087;201402240702+0100;1139132
51.19481;4.417983;201402240726+0100;322894
51.21424;4.4115863;201402240744+0100;1620767
51.218513;4.404299;201402240817+0100;5495119
51.20721;4.3871274;201402241002+0100;62998
51.207027;4.387426;201402241009+0100;138630
51.20696;4.386703;201402241015+0100;152
51.20696;4.386703;201402241022+0100;61071
51.21855;4.404257;201402241052+0100;14640185
51.22772;4.4017725;201402241503+0100;1275200
51.226917;4.411182;201402241529+0100;92274
51.21851;4.404317;201402241542+0100;4751684
51.21728;4.405518;201402241709+0100;19885
51.216522;4.407549;201402241716+0100;675
51.21715;4.410649;201402241723+0100;765630
51.21427;4.41157;201402241746+0100;50998959
51.216278;4.3940763;201402250809+0100;28596751
51.21634;4.3940783;201402251612+0100;3328811
51.216957;4.410363;201402251718+0100;308164
51.210686;4.4151006;201402260647+0100;10404
51.211296;4.411755;201402260654+0100;11960
51.214256;4.4115715;201402260707+0100;4350579
51.21633;4.394094;201402260832+0100;10484550
51.21634;4.3940268;201402261145+0100;20052735
51.216255;4.4074626;201402261728+0100;5308038
51.214294;4.4114785;201402261905+0100;46725992
51.20665;4.391354;201402270816+0100;212719
51.16913;4.3863664;201402270831+0100;731240
51.216133;4.3941784;201402270905+0100;1543
51.207188;4.3876495;201402270915+0100;123234
51.2075;4.3857994;201402270922+0100;146
51.20759;4.3857627;201402270936+0100;237
51.216316;4.394108;201402270947+0100;869454
51.20721;4.387112;201402271015+0100;1367212
51.20696;4.3867035;201402271043+0100;1146950
51.216286;4.394143;201402271110+0100;1007107
51.207104;4.386944;201402271136+0100;366184
51.216305;4.394093;201402271149+0100;1294388
51.20714;4.387056;201402271220+0100;589969
51.207317;4.3874807;201402271236+0100;1162110
51.216335;4.3940687;201402271302+0100;311417
51.207188;4.3869224;201402271315+0100;120028
51.20706;4.3880177;201402271321+0100;651346
51.20713;4.3879123;201402271337+0100;421549
51.207165;4.3878527;201402271351+0100;364
51.207138;4.387905;201402271358+0100;868780
51.20667;4.391354;201402271423+0100;434776
51.205647;4.3920507;201402271437+0100;122961
51.161034;4.4173098;201402271443+0100;147171
50.839226;4.38057;201402271507+0100;270045
50.83954;4.381493;201402271517+0100;3029545
50.83897;4.3807464;201402271614+0100;178683
50.842125;4.3750486;201402271623+0100;25363
50.86119;4.449442;201402271629+0100;57458
50.863358;4.447343;201402271636+0100;590075
50.89274;4.4527965;201402271652+0100;117258
50.914566;4.4623446;201402271659+0100;160845
50.977695;4.4870963;201402271705+0100;1677
51.035053;4.4452314;201402271712+0100;124251
51.11968;4.4281816;201402271718+0100;23828
51.20665;4.3913884;201402271732+0100;759433
51.20723;4.387122;201402271751+0100;209
51.207165;4.3871975;201402271759+0100;4939039
51.207222;4.3874707;201402271928+0100;207
51.206978;4.3870077;201402271938+0100;521126
51.20715;4.3877707;201402271954+0100;159
51.207222;4.3867784;201402272000+0100;38403
51.20712;4.3874764;201402272007+0100;604081
51.20724;4.3874063;201402272025+0100;147845
51.20423;4.376511;201402272032+0100;303003
51.214203;4.4115806;201402272055+0100;40989942
51.20696;4.3867025;201402280830+0100;58033
51.207314;4.387678;201402280836+0100;120223
51.20696;4.386702;201402280842+0100;174
51.20706;4.386937;201402280849+0100;751595
51.216312;4.394223;201402280908+0100;2255060
51.20543;4.379549;201402280956+0100;62306
51.198524;4.3720026;201402281008+0100;319590
51.15922;4.384649;201402281024+0100;95557
51.157677;4.3863983;201402281032+0100;3587568
51.15727;4.3871593;201402281137+0100;2938938
51.207085;4.3869205;201402281247+0100;5340985
51.206966;4.3866887;201402281421+0100;425546
51.198368;4.371975;201402281441+0100;618177
51.16903;4.3865128;201402281518+0100;467053
51.205208;4.39132;201402281539+0100;68886
51.20756;4.3858004;201402281549+0100;225
51.207314;4.3876786;201402281556+0100;241036
51.20716;4.387645;201402281610+0100;163564
51.20712;4.3878565;201402281617+0100;2376973
51.20717;4.387573;201402281702+0100;73458
51.207043;4.3869286;201402281708+0100;142092
51.2072;4.387399;201402281715+0100;122587
51.21424;4.411584;201402281734+0100;2491804
51.21735;4.419394;201402281830+0100;1570759
51.217636;4.4203706;201402281901+0100;150847
51.21633;4.4207354;201402281928+0100;385423
50.98228;4.838153;201402282036+0100;2528009
50.982338;4.838037;201402282124+0100;11301959
51.207325;4.3862324;201403011248+0100;1830663
51.207508;4.3858957;201403011324+0100;364552
51.207485;4.3858104;201403011342+0100;250999
51.20737;4.386206;201403011353+0100;322151
51.20711;4.3868036;201403011406+0100;1608603
51.207333;4.3862586;201403011437+0100;4136793
51.20734;4.386173;201403011552+0100;753041
51.20742;4.3860216;201403011609+0100;65735
51.207504;4.3860617;201403011617+0100;858902
51.207134;4.386982;201403011636+0100;5876554
51.20696;4.386703;201403011821+0100;2056755
51.20747;4.3864202;201403011859+0100;174442
51.207153;4.386932;201403011905+0100;99183
51.214245;4.411596;201403011921+0100;3196397
51.21475;4.3931684;201403012038+0100;3532120
51.209976;4.389183;201403012152+0100;3831800
51.210766;4.3900046;201403012303+0100;7137995
51.210907;4.3895435;201403020119+0100;163174115
51.214245;4.411603;201403032245+0100;32276450
51.20723;4.3869247;201403040756+0100;37492771
51.207172;4.3868704;201403041827+0100;226189
51.206806;4.391376;201403041835+0100;1312
51.214233;4.4115453;201403041845+0100;48170018
51.195133;4.4176645;201403050822+0100;264652
51.20872;4.389238;201403050845+0100;233
51.207134;4.3869534;201403050852+0100;32730617
51.21425;4.4115744;201403051819+0100;49169375
51.211487;4.408219;201403060802+0100;213283
51.198322;4.416058;201403060812+0100;88787
51.20713;4.3869686;201403060832+0100;28160182
51.207134;4.3869877;201403061628+0100;9428112
51.214252;4.4115596;201403061916+0100;42191338
51.212944;4.407632;201403070724+0100;54822
51.21429;4.4115486;201403070731+0100;2303397
51.20716;4.386985;201403070825+0100;5195445
51.20717;4.3868675;201403070959+0100;8042899
51.20726;4.3867464;201403071220+0100;22487791
51.214294;4.411574;201403071847+0100;47982721
51.212467;4.416723;201403080814+0100;872
51.210533;4.414461;201403080823+0100;3409
51.211082;4.4118104;201403080835+0100;3195
51.214283;4.41154;201403080857+0100;19563134
51.214848;4.4090633;201403081428+0100;726017
51.214268;4.4115677;201403081449+0100;14955630
51.212337;4.3577657;201403081905+0100;343020
51.212337;4.3577657;201403081915+0100;1062003
51.057003;3.714637;201403081947+0100;48930574
51.053837;3.7184224;201403090930+0100;255666
51.053955;3.7209287;201403090940+0100;1900994
51.053955;3.7209291;201403091017+0100;203009
51.053955;3.720929;201403091027+0100;247903
51.05387;3.7183366;201403091037+0100;601064
51.055416;3.7151594;201403091057+0100;373333
51.05535;3.7143385;201403091110+0100;2013368
51.056263;3.7145565;201403091149+0100;8006164
51.057274;3.7249584;201403091413+0100;404003
51.0571;3.726063;201403091424+0100;10895441
51.055218;3.7219634;201403091735+0100;167488
51.057056;3.7145045;201403091749+0100;2030843
51.034416;3.7383232;201403091843+0100;96969
51.062347;3.8686697;201403091851+0100;630602
51.214264;4.4116144;201403091916+0100;45485957
51.207123;4.3870163;201403100809+0100;11077711
51.206303;4.387111;201403101123+0100;211689
51.2071;4.3869624;201403101133+0100;3388700
51.208305;4.3898816;201403101234+0100;182663
51.207954;4.3886595;201403101245+0100;570321
51.207127;4.3870583;201403101302+0100;17607604
51.211563;4.401777;201403101808+0100;495121
51.21431;4.411553;201403101824+0100;48272635
51.207157;4.3869753;201403110804+0100;10527269
51.208454;4.387382;201403111106+0100;64969
51.2072;4.3869376;201403111116+0100;2785931
51.20715;4.3869214;201403111207+0100;25211718
51.214256;4.4115777;201403111925+0100;42942371
51.207226;4.387041;201403120737+0100;36593170
51.214268;4.4116197;201403121757+0100;924860
51.557373;5.0910926;201403122145+0100;1889676
51.400383;4.7285247;201403122242+0100;1272
51.317875;4.5757413;201403122249+0100;39956
51.268486;4.488132;201403122256+0100;187280
51.214264;4.411574;201403122313+0100;29263746
51.20721;4.3870206;201403130736+0100;10238801
51.2071;4.3871493;201403131033+0100;4010448
51.20851;4.3925247;201403131147+0100;4462429
51.209484;4.3900976;201403131306+0100;60963
51.20711;4.387063;201403131314+0100;31278306
51.214245;4.4115777;201403132210+0100;33471782
51.207085;4.387189;201403140749+0100;37291359
51.20607;4.393761;201403141819+0100;250162
51.198574;4.436263;201403141830+0100;238457
51.19975;4.5876904;201403141840+0100;65219
51.10348;4.8696537;201403141901+0100;193
51.02376;4.840315;201403141914+0100;90103
50.997234;4.802332;201403141920+0100;12648569
51.206467;4.55807;201403142327+0100;59834
51.215614;4.413671;201403142346+0100;218
51.214252;4.4115868;201403142352+0100;12508055
51.21426;4.4115963;201403150328+0100;46848335
51.216328;4.4104295;201403151635+0100;539024
51.214268;4.411565;201403151652+0100;61154797
51.21353;4.404816;201403160959+0100;489978
51.21426;4.4115763;201403161017+0100;8491341
51.205738;4.3920345;201403161247+0100;330485
51.262363;4.433858;201403161258+0100;391095
51.30922;4.557287;201403161311+0100;204502
51.58649;4.7787757;201403161338+0100;7812954
51.586678;4.778821;201403161703+0100;680173
51.560432;4.820035;201403161721+0100;115358
51.461765;4.7245545;201403161728+0100;185296
51.352573;4.6273565;201403161735+0100;179612
51.29356;4.524383;201403161743+0100;214246
51.204933;4.3907986;201403161756+0100;103701
51.21426;4.4115763;201403161806+0100;47602408
51.207085;4.387182;201403170738+0100;12370874
51.208324;4.3873835;201403171110+0100;485574
51.20702;4.3872375;201403171126+0100;23392970
51.214256;4.4115996;201403171808+0100;984410
51.215897;4.4091616;201403171832+0100;3900114
51.214275;4.411576;201403171942+0100;16107591
51.214275;4.411586;201403180017+0100;22567284
51.211456;4.414267;201403180651+0100;6397
51.21253;4.4159446;201403180657+0100;6294
51.21266;4.415011;201403180706+0100;5079
51.214264;4.4115734;201403180716+0100;2789598
51.207077;4.3872066;201403180820+0100;36426948
51.214256;4.4115663;201403181837+0100;49736513
51.20706;4.3871145;201403190841+0100;3272801
51.20707;4.3870754;201403190944+0100;35094801
51.214275;4.411575;201403191941+0100;56964894
51.21693;4.400865;201403201145+0100;1473
51.21684;4.3999686;201403201152+0100;2755024
51.21693;4.4010158;201403201244+0100;397
51.20706;4.387065;201403201256+0100;22037042
51.21427;4.4115567;201403201915+0100;44881186
51.207115;4.387089;201403210807+0100;32856811
51.1903;4.412055;201403211735+0100;145797
51.21116;4.490031;201403211744+0100;5995
51.156372;4.8206773;201403211757+0100;178
50.984818;4.83532;201403211830+0100;2690374
50.984818;4.835271;201403211922+0100;5550687
50.98715;4.838596;201403212059+0100;3490
50.98661;4.837382;201403212106+0100;157358
50.98718;4.8389244;201403212113+0100;8856374
51.145073;4.8595767;201403220009+0100;181048
51.216618;4.4135804;201403220033+0100;286
51.21423;4.4115705;201403220039+0100;53344915
51.21059;4.414138;201403221542+0100;59558
51.211952;4.41568;201403221555+0100;58444
51.211052;4.4129686;201403221607+0100;59370
51.21421;4.411599;201403221619+0100;3989547
51.21735;4.411098;201403221734+0100;552169
51.214203;4.411587;201403221751+0100;1800663
51.24464;4.4193125;201403221844+0100;65927
51.244644;4.419118;201403221850+0100;220964
51.24565;4.4167747;201403221900+0100;2159892
51.246044;4.41684;201403221942+0100;8403907
51.21421;4.4115853;201403222220+0100;44265668
51.213646;4.4046073;201403231045+0100;384732
51.214188;4.4115252;201403231101+0100;14724392
51.21599;4.4128184;201403231511+0100;771012
51.216457;4.4077277;201403231529+0100;120185
51.217514;4.4039993;201403231535+0100;1095
51.21772;4.4004607;201403231542+0100;2770
51.219296;4.4014406;201403231549+0100;5084486
51.217167;4.4040475;201403231720+0100;209382
51.21638;4.409415;201403231730+0100;61786
51.21436;4.411226;201403231737+0100;52019895
51.2098;4.3953257;201403240809+0100;63412
51.20819;4.389298;201403240815+0100;153150
51.20708;4.387111;201403240822+0100;33148501
51.2069;4.3872433;201403241742+0100;88675
51.206314;4.387118;201403241749+0100;157
51.212265;4.393786;201403241756+0100;3045
51.210888;4.4075365;201403241802+0100;633
